"","CN1_15_6","CN2_2","CN3_10","CN4_8","CN5_4_5","CN6_14","CN7_6","CN8_13","CN9_5","CN10_3","CN11_2_8","CN12_2_17","CN13_8","CN14_17","CN15_12","CN16_16_8","CN18_16","CN19_3","CN21_16","CN22_1","CN24_15","CN25_10","CN26_15_8","CN27_2","CN28_7","CN29_4","CN30_8_1","CN31_3","CN32_6","CN33_15_5","CN34_11","CN35_9","CN36_14","CN37_13","CN38_15_16","tsne_1","tsne_2","PhenoGraph"
"mADT-1.tsv",0.0568886354406026,-0.348761317741857,-0.0475917705778361,-0.553599035757197,1.59617778483034,1.91926313243128,-0.232171319539689,6.55090614511429,-0.201656887898057,-0.339306257128759,-0.34627687530754,-0.284776581667801,-0.417961773061427,-0.11442113222609,-0.109708076555884,-0.544748726799236,-0.128705256587394,-0.134169206272818,-0.504428979732113,-0.406392221356334,-0.394782919522322,-0.276053005179365,0.542755040055441,-0.482684186912065,-0.384877051521884,-0.042803557744011,-0.441457411166198,0.548833311755267,-0.125872569201062,-0.451111061887617,-0.239271841783084,-0.447234940410092,-0.129998731611352,4.63244493326804,-0.108694871764019,-0.826243865612478,-18.3021861109394,"SP_1"
"mADT-10.tsv",-0.286526760950919,-0.348761317741857,0.571885151337269,-0.579778259696162,1.75327696243079,-0.50333487555413,-0.270305563919609,-0.22675253371779,-0.203522438469308,0.00261902916888202,-0.349238358486674,-0.290691907764578,-0.716861320951607,-0.11442113222609,-0.109708076555884,-0.71888555537815,-0.128705256587394,0.18244732014799,-0.371460989926939,-0.479058014130464,6.45780948413499,0.699999471462727,0.321636822408978,-0.477712735493708,-0.651812726586103,1.09285049679545,-0.493335727555863,2.40568811005484,-0.305456913330595,2.17058900310256,-0.239271841783084,-0.485668986017393,-0.308622948116175,-0.267117428644173,0.0976214881929819,14.0195286456025,5.18549511611975,"SP_2"
"mADT-11.tsv",0.83023890799725,-0.348761317741857,0.947109221460113,-0.439673192004103,2.67719212534089,-0.50333487555413,-0.248442262768596,-0.22675253371779,-0.144332917296066,-0.22672555772768,-0.349238358486674,-0.551355888280644,-0.690518604473706,-0.11442113222609,-0.109708076555884,-0.684354611601259,-0.128705256587394,1.37753649479345,-0.521140793659491,-0.479058014130464,0.61279248651646,0.115017314557259,3.23367732988916,-0.485038969678416,-0.655291915910156,0.472902725461773,-0.493335727555863,5.7043869803609,-0.189094170802252,0.727095812319509,-0.239271841783084,-0.485668986017393,-0.308622948116175,-0.267117428644173,-0.314217137209837,16.5776087868995,-4.21802999716712,"SP_2"
"mADT-12.tsv",1.50476088824639,-0.348761317741857,1.48806926654186,-0.506738676470057,1.95801493675094,-0.430400780737142,-0.263744285471999,-0.22675253371779,0.226058719155323,-0.303333145178486,-0.349238358486674,-0.551355888280644,-0.289359883135401,-0.11442113222609,-0.109708076555884,-0.696184828042193,-0.128705256587394,0.286442894155945,-0.521140793659491,-0.479058014130464,0.0507692942804453,0.208859026179192,2.65598961297324,-0.485038969678416,0.7880031875668,0.0613275848375356,-0.274517308366237,1.89915527027462,0.144628228432065,0.327491340707577,-0.239271841783084,-0.485668986017393,-0.308622948116175,-0.267117428644173,-0.351651780278727,15.3511304789173,-4.43387775194824,"SP_2"
"mADT-13.tsv",-0.331813824183304,-0.348761317741857,0.319762433162514,0.0928642001994502,-0.194611745680181,-0.50333487555413,-0.271236916015465,-0.22675253371779,-0.161488965603673,2.50572437336845,-0.349238358486674,-0.551355888280644,-0.30082262746945,-0.11442113222609,-0.109708076555884,0.623206169866304,-0.127663065130686,1.67608668461668,-0.313904675964139,-0.34077572483644,0.334817399342615,0.00706539701826208,2.40696924168651,-0.485038969678416,1.72557231628398,0.72476353003437,-0.342397813889835,1.17245287866653,-0.30481546178702,0.277152534528869,-0.239271841783084,0.602648425028203,-0.308622948116175,-0.267117428644173,1.17855725278424,13.9635909870314,-2.3936345990752,"SP_2"
"mADT-14.tsv",-0.263948852567606,0.108425217437003,0.539256050280615,-0.520310323150578,-0.517134528779233,0.885447900946091,-0.264632942515367,-0.22675253371779,-0.200356627002005,-0.29896367961611,0.00702032692627033,2.68855449016169,-0.209633250662539,-0.11442113222609,-0.109708076555884,0.626289657661174,-0.12192859509266,-0.257177201199152,0.166367054398541,-0.471350966289263,-0.031865455077601,-0.14109894360955,0.205651355291829,1.34847334514042,0.156178717421821,-0.475813486804208,-0.38247466218145,-0.203820391903293,-0.275695178407304,-0.0325093177002009,-0.239271841783084,-0.401423900634418,-0.115589632389065,-0.267117428644173,0.564648655639644,0.159313720200312,8.68998763204604,"SP_3"
"mADT-15.tsv",-0.340829366341365,-0.348761317741857,-0.691713941309021,-0.379150911374401,-0.587640446485735,-0.50333487555413,-0.264582163389141,-0.22675253371779,-0.203522438469308,-0.293389840399225,-0.349238358486674,-0.551355888280644,-0.548296212149046,-0.11442113222609,-0.109708076555884,-0.119780940168619,-0.128705256587394,-0.29848773240115,-0.324931574027798,3.75133046450031,-0.417917840766927,-0.163272401705038,-0.556408980443361,-0.485038969678416,0.240749092424639,-0.477855747025542,-0.454435492406429,-0.591740280231101,-0.283477282332501,-0.520849417959752,-0.239271841783084,-0.485668986017393,-0.308622948116175,-0.267117428644173,-0.529954424628056,1.78896628157282,-1.39769472179114,"SP_4"
"mADT-16.tsv",2.03247975834299,-0.348761317741857,1.41977276839444,-0.576373546176071,1.28484338724252,-0.50333487555413,-0.161384337349216,-0.22675253371779,-0.203522438469308,0.592064807483906,-0.349238358486674,-0.551355888280644,-0.658682700362772,-0.11442113222609,-0.109708076555884,-0.300383054998903,-0.124559778148222,0.112795159877854,-0.239622892156616,-0.479058014130464,1.9792131112283,0.0774772345651859,-0.237547803858223,-0.485038969678416,1.2225510346422,2.3424598266272,-0.465411122807881,1.29826387265378,0.678906859681792,0.311578215274924,-0.239271841783084,-0.430393394492308,-0.308622948116175,-0.267117428644173,0.452354784193037,13.6730575039127,1.34158894669186,"SP_2"
"mADT-17.tsv",0.998585256368,-0.348761317741857,1.10646626200295,-0.505621924574375,0.499287719843184,0.917487441763731,-0.270832895272286,-0.22675253371779,-0.18170122817338,-0.350076815130727,-0.316374526954168,-0.185857409599981,-0.67844147013628,-0.11442113222609,-0.109708076555884,-0.498551502919691,-0.128705256587394,-0.255776133900791,-0.116517320678138,-0.479058014130464,1.51667413244872,-0.082829266411212,2.19616848302334,-0.416179659808162,-0.68419878672371,0.363505552449471,-0.493335727555863,9.06429448612707e-05,-0.293178017112059,1.92860676701754,-0.239271841783084,-0.135530709990488,-0.0759393748833353,-0.267117428644173,2.42072696606118,11.8115659876035,-0.974309623476746,"SP_2"
"mADT-19.tsv",-0.260001617826013,-0.348761317741857,-0.686325324015781,-0.581138266903539,-0.216657154338478,-0.50333487555413,-0.00128199386377581,-0.22675253371779,-0.203522438469308,-0.404778720610238,-0.349238358486674,-0.551355888280644,-0.716861320951607,-0.11442113222609,-0.109708076555884,-0.71888555537815,0.0879071958551015,-0.29848773240115,0.68066240999398,1.42583421428813,0.437964522271494,-0.22712013252601,-0.55694793273316,-0.485038969678416,1.42971585641317,3.21208401397562,-0.493335727555863,-0.629038279006326,-0.256759319697848,-0.461586420830759,-0.239271841783084,-0.485668986017393,-0.308622948116175,-0.0467337770912241,-0.451601171454658,1.78784640527382,-6.00136062223684,"SP_4"
"mADT-2.tsv",-0.0126543671669802,-0.348761317741857,-0.68374111007222,-0.552160041510639,0.718011343824101,-0.186431462128751,-0.144857529831158,2.31226045214036,-0.203522438469308,-0.225292854584235,-0.349238358486674,-0.551355888280644,-0.712722928810625,-0.11442113222609,-0.109708076555884,-0.601801421025125,-0.128705256587394,-0.128616562821305,-0.376253457648579,-0.479058014130464,3.61978401997704,-0.362827326308232,0.614258917254184,-0.484354307202951,0.955708926954102,0.483702202054649,-0.4614920921935,1.05044692347911,-0.00936766794783163,1.00811772939105,-0.239271841783084,-0.471700421069686,-0.0822763024511818,4.84232018668807,-0.066033495094295,0.61792994500844,-18.0016238308421,"SP_1"
"mADT-20.tsv",-0.366307866305964,-0.348761317741857,2.89638580122612,-0.518906948307778,0.275211463762575,0.34987692544245,-0.246563983341054,-0.22675253371779,-0.203522438469308,0.0896867829254858,-0.349238358486674,-0.551355888280644,-0.487273257111072,-0.11442113222609,-0.109708076555884,1.33567797459183,-0.125855599435262,-0.255927530089937,0.392067264150964,-0.463303666558184,-0.26122655213407,-0.163537630260913,0.115295335432146,-0.485038969678416,2.28511235412473,-0.410225891344034,-0.462142640904145,-0.227297187104786,-0.295354693316517,0.0789277574429984,-0.239271841783084,6.7537934672707,-0.308622948116175,-0.267117428644173,2.25166825734248,9.13986512906318,0.960578655185873,"SP_2"
"mADT-21.tsv",0.0691209471432833,-0.348761317741857,0.757229433143027,-0.577820645734702,0.845015958853022,0.930248122731668,-0.271236916015465,-0.22675253371779,-0.201949252557297,-0.282524077412284,-0.349238358486674,-0.415404426220566,-0.709359632858546,-0.11442113222609,-0.109708076555884,-0.668407064826442,0.0213901311998177,-0.23074390651625,-0.108606743827429,-0.436291228678189,0.447432215952047,0.572049643620945,-0.39895324356124,-0.485038969678416,2.55226083505492,1.28495584426219,-0.484829158440954,-0.337715168366768,-0.291188577474537,0.9270975150596,-0.239271841783084,0.132160996285818,-0.06581532818454,-0.267117428644173,0.0205622083752268,12.5847666498206,1.3782497712474,"SP_2"
"mADT-22.tsv",-0.330219519864174,-0.348761317741857,0.337427829635994,-0.581138266903539,3.05249137101454,1.20357130030156,-0.244120559579763,-0.22675253371779,-0.173049294577605,1.23878025056914,-0.349238358486674,-0.551355888280644,-0.716861320951607,-0.11442113222609,-0.109708076555884,-0.716191931529496,-0.118539527591488,0.142534150919948,0.593347230509872,-0.479058014130464,0.0215478229417522,0.259242037423946,-0.394653429317778,-0.485038969678416,-0.65793348266104,1.51834300985135,-0.493335727555863,-0.0111240092492162,-0.238905811973475,2.22439586008526,-0.239271841783084,0.222992245095962,1.18523140560646,-0.267117428644173,1.51200027392958,11.4885116280301,3.4254217019323,"SP_2"
"mADT-23.tsv",-0.0448187484380605,-0.348761317741857,1.05243408601749,0.738847935021193,0.355726888925744,-0.500925416890713,-0.270655226731364,-0.22675253371779,-0.203522438469308,-0.326021595451397,-0.349238358486674,-0.490510912931749,3.85123741949752,-0.11442113222609,-0.109708076555884,1.51579665010691,-0.128705256587394,-0.246454290037856,-0.509332204504921,-0.479058014130464,-0.296470467441186,-0.138006222105473,3.00190011301071,-0.485038969678416,1.74628501872734,-0.452132081309892,0.15631282144655,0.536176011572351,-0.29535060892513,-0.159949379764445,-0.239271841783084,-0.4389919539689,-0.308622948116175,-0.267117428644173,0.24978724372859,-3.17447023022321,7.77337014870491,"SP_5"
"mADT-24.tsv",0.148520211062294,-0.348761317741857,1.42243348324407,-0.304540219871658,0.986055623400687,2.37050333512414,-0.261545750277967,-0.22675253371779,-0.202607366686464,0.476087605565919,-0.349238358486674,-0.551355888280644,-0.402689944728426,-0.11442113222609,-0.109708076555884,1.2269956258954,-0.0246100316202655,0.00241867534215231,0.435709660491156,-0.479058014130464,-0.319280472961376,0.051067952353391,1.12023514813414,-0.485038969678416,-0.701326276885615,0.193328351539778,-0.493335727555863,0.740735273725991,0.202380879756805,-0.339776723993405,-0.239271841783084,-0.358415991405553,2.86782092776566,-0.267117428644173,0.776488566903267,6.69989019357145,7.45347011747051,"SP_2"
"mADT-25.tsv",-0.319446412636453,-0.348761317741857,-0.163125480491198,-0.576494951807793,1.56057350233706,-0.50333487555413,-0.271236916015465,-0.22675253371779,-0.203522438469308,0.737771705357004,-0.349238358486674,-0.551355888280644,-0.716861320951607,-0.11442113222609,-0.109708076555884,-0.31746920835736,0.183373246459011,-0.251080883733549,3.66037592085378,-0.276262182119223,0.80177035124607,-0.179185774019052,-0.00893492014957678,-0.485038969678416,1.73104330705893,0.0121786173182599,-0.493335727555863,0.0382217985428354,-0.30494905221044,0.562912698868379,-0.239271841783084,0.466929266706712,-0.308622948116175,-0.267117428644173,2.58930720503781,9.30834300604814,-3.06001780103451,"SP_2"
"mADT-26.tsv",0.926358500384294,-0.348761317741857,0.100586134200643,-0.45760057855809,0.0820397462044906,-0.50333487555413,-0.225411726746348,-0.22675253371779,0.598015874987661,1.00160018837857,-0.349238358486674,-0.551355888280644,-0.509505781917992,-0.11442113222609,-0.109708076555884,0.891311722326461,-0.0563614459070506,-0.285257495429579,3.34032496137991,-0.479058014130464,-0.3704791751859,-0.362827326308232,0.263923732356823,-0.485038969678416,3.07147004162578,-0.366665462055946,-0.44460378144025,0.00200757780300166,0.459819387750131,-0.203069582133449,-0.239271841783084,0.267176467444033,-0.308622948116175,-0.252558532454691,1.74590873300169,9.40970700443767,-3.3292735797806,"SP_2"
"mADT-27.tsv",-0.359997747990222,-0.348761317741857,0.202259899733612,-0.570931205608856,-0.54112660661293,1.26524449259747,-0.271236916015465,-0.22675253371779,-0.203522438469308,4.5617701130801,-0.349238358486674,-0.493171200840992,-0.576843580292895,-0.0938204661076872,-0.109708076555884,2.6813123904311,-0.102803767583421,0.712043386978652,4.08270428105195,-0.479058014130464,-0.3616920061,-0.307191136059565,0.192440353808893,-0.484020738127647,-0.538850463560648,-0.477855747025542,-0.493335727555863,-0.611147931490352,-0.27641504234652,-0.138088467866602,-0.239271841783084,1.34868234380999,-0.308622948116175,-0.246267153491923,5.79693670741656,8.32985474846864,-4.93552246082867,"SP_2"
"mADT-28.tsv",-0.11366783774907,-0.348761317741857,-0.681638051006583,-0.574013022042611,2.96178603866391,-0.50333487555413,-0.268797181983647,-0.22675253371779,-0.021071202997596,-0.399696799497683,-0.349238358486674,-0.551355888280644,-0.716861320951607,-0.11442113222609,-0.109708076555884,-0.712972146280263,-0.128705256587394,-0.195319821174875,-0.521140793659491,-0.479058014130464,4.01153378837343,-0.218133330363678,-0.311306347865034,-0.485038969678416,-0.72585653484943,2.85302645935569,-0.493335727555863,0.742515775308686,-0.27829990977875,3.68962758578387,-0.239271841783084,0.548016877906473,-0.308622948116175,-0.258384455758731,0.600548335769521,13.7450496406668,4.74082788956668,"SP_2"
"mADT-29.tsv",-0.30679152122049,-0.348761317741857,0.143915575456005,-0.561804277023063,0.889385115827693,-0.50333487555413,-0.269250887717369,-0.22675253371779,-0.203522438469308,-0.287567675531712,-0.349238358486674,-0.551355888280644,-0.663088996811859,-0.11442113222609,-0.109708076555884,-0.616593994029248,-0.128705256587394,-0.147750332828948,-0.388989357136357,1.9955783011461,0.251982017523049,-0.116888515390846,0.291984690647047,-0.485038969678416,-0.255431421745935,0.811601857404407,-0.454031065048545,0.300290553323072,-0.303906016299159,0.27869288864771,-0.239271841783084,-0.402444149407823,-0.308622948116175,-0.267117428644173,-0.0582230096933685,1.58445569022202,-4.1576273506588,"SP_4"
"mADT-3.tsv",0.910599773352092,-0.271635455682284,2.59802292291162,0.0825937722196437,0.719076399486435,-0.351104658607676,-0.188440932697873,2.16088259863783,-0.18421708750266,-0.395979612940516,-0.335308161287168,0.0636685290027871,-0.693428638783596,-0.11442113222609,-0.109708076555884,-0.716325857864405,-0.0989193581770426,-0.23321893543268,-0.0166147359108668,-0.478345921038244,-0.264337087990826,0.468991416657309,1.01308436676239,0.0161683749756411,-0.504367845651891,1.56853871891934,-0.49062434150002,0.466378131135088,0.277045071945695,0.0710082740429729,-0.239271841783084,-0.483409164662265,-0.268493470468934,4.71012361901161,-0.305479310156667,0.438763991997148,-17.1631373597175,"SP_1"
"mADT-31.tsv",-0.156676992899642,-0.285398979117005,-0.66277133075055,-0.566421639667416,3.22630064014766,1.16553530799071,-0.269862622333991,-0.22675253371779,-0.203522438469308,-0.28550253476969,-0.193138394953279,3.43354682827036,-0.66785378936743,-0.11442113222609,-0.109708076555884,-0.532904568733253,-0.128705256587394,-0.194180328527516,-0.46689300510602,-0.479058014130464,-0.242495121133547,-0.352143068495748,-0.0448162420679152,0.126355805898811,-0.810323470167436,1.41352013758189,-0.493335727555863,0.516026638188409,-0.300691902958515,0.00890935304517193,-0.239271841783084,0.548500352238441,-0.110072220835897,-0.267117428644173,1.06864154848948,10.4372704824174,4.63373123383468,"SP_2"
"mADT-32.tsv",3.36316053919463,-0.348761317741857,2.77148751685217,-0.319718830014194,-0.50895275351165,-0.50333487555413,-0.247655835493858,-0.22675253371779,-0.0205774426452781,-0.234366012708908,-0.349238358486674,-0.102389847002715,-0.388889268689457,-0.11442113222609,-0.109708076555884,-0.249392744108827,-0.128705256587394,-0.181082436927376,-0.456010458695504,-0.479058014130464,0.137588606152096,0.567174151770465,3.03561086054457,-0.485038969678416,0.786311953438056,-0.477855747025542,-0.377501461787087,2.27052719741584,0.200267255963327,0.26998086067802,-0.239271841783084,-0.284860003651548,-0.308622948116175,-0.255633354448098,-0.138973726541469,14.9432959244633,-5.06582840062068,"SP_2"
"mADT-33.tsv",-0.326546626396321,-0.348761317741857,-0.0762325199142672,-0.581138266903539,0.375727091901105,-0.306568465879807,2.09266131478693,-0.22675253371779,-0.203522438469308,-0.243529771895311,-0.349238358486674,-0.537429171492738,-0.711284463590537,-0.11442113222609,-0.109708076555884,-0.71888555537815,-0.128705256587394,-0.281318976090151,-0.449708314084907,0.233921119223476,-0.324597047605448,-0.0345545777363116,-0.545776901958523,-0.485038969678416,-0.160884846286498,2.71634217233615,-0.463974764969532,0.0661795312535548,0.71559930904576,-0.37053445556645,-0.239271841783084,-0.485668986017393,-0.304444556910096,-0.267117428644173,-0.477077503998164,1.24214384991316,-6.24596414655337,"SP_1"
"mADT-34.tsv",-0.0870624548338574,-0.348761317741857,-0.896503330781354,-0.577042462884842,-0.400993607816015,-0.50333487555413,5.07693807863394,0.648239166381525,-0.187499344802362,-0.404778720610238,-0.349238358486674,-0.551355888280644,-0.711304548310925,-0.11442113222609,-0.109708076555884,-0.667897487136162,-0.128705256587394,-0.218655420142723,-0.521140793659491,-0.479058014130464,-0.427663977108966,-0.362827326308232,-0.412247546108516,-0.485038969678416,-0.835481411818756,0.0239330648037028,-0.493335727555863,0.212684184805741,1.61663151226221,-0.521503070844397,-0.239271841783084,-0.485668986017393,-0.308622948116175,0.661577800142686,-0.534244746161153,-3.40308451333365,-9.13752924587072,"SP_1"
"mADT-35.tsv",0.293080376082434,-0.345895327605583,-0.129524827462314,-0.533936995120846,0.153381932389599,-0.459562473354694,0.478433462073858,5.82057441994839,-0.126044846014799,-0.223504305046938,-0.346505193509361,-0.391438249960483,-0.707009334552838,-0.11442113222609,-0.109708076555884,-0.658618707778894,-0.128705256587394,-0.0659573613639221,-0.476973779860804,-0.473818673637732,1.14001363547206,0.297868784060597,-0.39907142827714,-0.430436347918848,0.818666638386412,0.201881480469802,-0.493335727555863,0.377514484760181,1.33255600418391,0.124728453663789,-0.239271841783084,-0.452414981276685,-0.308622948116175,2.60321621084125,-0.412681831230987,-0.362233567686686,-18.1680293863746,"SP_1"
"mADT-36.tsv",0.369063934727887,-0.348761317741857,0.291423126920889,0.387459651534659,-0.561726989336858,-0.487937680807356,-0.269584837558471,-0.22675253371779,-0.203522438469308,0.330788261282177,-0.349238358486674,-0.551355888280644,-0.602307524706893,-0.11442113222609,-0.109708076555884,0.757698375968835,-0.127131069102788,-0.214520566423133,1.39471947343864,0.609849516497343,1.04704031511339,-0.0862256815987521,3.20156693823345,-0.485038969678416,0.346061295599364,-0.477855747025542,-0.321021080593485,0.368847219662722,-0.263459486756541,-0.0614594668168769,-0.239271841783084,-0.472412059821309,-0.308622948116175,-0.267117428644173,0.526945508848229,13.4116941869209,-3.42201623560471,"SP_2"
"mADT-37.tsv",7.14556509571014,-0.348761317741857,-0.226967655625712,-0.566150473015475,-0.511209761774589,-0.50333487555413,-0.271236916015465,-0.22675253371779,0.488529099084872,-0.324605911453845,-0.349238358486674,-0.551355888280644,-0.698221891650849,-0.11442113222609,-0.109708076555884,-0.514164883822294,-0.128705256587394,-0.277621251271491,-0.175318683269981,-0.479058014130464,1.83086384716513,-0.177589134531486,0.437081991247181,-0.485038969678416,-0.626239173257156,-0.453785735343085,-0.493335727555863,0.523188645980279,-0.244949244130969,2.62594492297493,-0.239271841783084,-0.153936448914574,-0.308622948116175,-0.267117428644173,0.423030431941719,14.9299222627041,-6.99373568713915,"SP_2"
"mADT-38.tsv",-0.246055319382898,-0.140040258104493,-0.198437225052404,-0.5797581800374,2.90999270972022,-0.16568497234886,-0.271236916015465,-0.22675253371779,-0.202540801429692,-0.158699718446654,-0.330538667624564,1.21874053234521,-0.685031162238724,-0.11442113222609,-0.109708076555884,-0.498402464627167,-0.0737720777336319,-0.0294916448479788,1.06490778403968,-0.479058014130464,0.537080838700321,-0.0384844544251126,0.207090279606757,0.701987131092306,-0.427331843100455,1.94053585398119,-0.493335727555863,0.384785431528843,-0.30291405064078,0.54160083631489,-0.239271841783084,-0.392134503270273,-0.30581725969087,-0.267117428644173,0.4083550632689,10.8543212057695,4.2386666860444,"SP_2"
"mADT-39.tsv",-0.28834911251145,-0.348761317741857,1.02537936070128,-0.579693403232912,3.00361440846391,-0.216437870671059,-0.254910776558759,-0.22675253371779,-0.186051336158008,-0.399626137551101,-0.349238358486674,-0.551355888280644,-0.714901076057611,-0.11442113222609,-0.109708076555884,-0.715887739112935,-0.128705256587394,0.236593862508841,-0.502728073769148,-0.479058014130464,1.81410284646773,1.13555095441527,-0.542363506413285,-0.485038969678416,1.39738179686527,0.671743601974295,-0.493335727555863,2.24445625526334,-0.306530073619354,2.68280136225553,-0.239271841783084,-0.273939930423818,-0.296873434730364,-0.267117428644173,-0.18445898218942,14.4804619990582,3.02796683869584,"SP_2"
"mADT-4.tsv",0.073926423406625,-0.18748301847757,-0.612528521160134,-0.477684932801465,-0.587640446485735,-0.418179722674388,-0.246250943901054,3.45818654170994,-0.170672013849198,-0.404778720610238,-0.0815418557023598,3.3103953621055,-0.0200988983399373,-0.11442113222609,-0.109708076555884,-0.669057038909196,-0.128705256587394,-0.29848773240115,-0.521140793659491,-0.479058014130464,-0.10620230722746,-0.322783019489772,0.776343184959232,0.852216949454946,0.097731557708302,-0.477855747025542,-0.437509277204979,-0.577537956860897,-0.100104555455862,1.15469050347686,-0.239271841783084,-0.350312192422511,-0.308622948116175,4.37642213884299,-0.289695128180684,-0.410669359446583,-16.9644071536611,"SP_1"
"mADT-40.tsv",-0.160477299206312,-0.348761317741857,-0.610146275916586,-0.581138266903539,1.30591514596018,0.841141604888706,-0.118285010486734,-0.22675253371779,-0.187416365333927,0.17148364022994,-0.349238358486674,-0.551355888280644,-0.701501059186841,-0.11442113222609,-0.109708076555884,0.0264057229719894,-0.04475327370351,-0.14945992358568,0.126330757840719,-0.478463928923606,-0.0219796080436254,-0.31703235476787,-0.40430560995289,-0.485038969678416,-0.307631391652042,2.20276517721675,-0.493335727555863,0.748521826889849,0.252284845954573,-0.183232756851252,-0.239271841783084,-0.372549525776188,6.79734380219763,-0.267117428644173,0.846269371991375,7.78624780828664,7.88344390146997,"SP_2"
"mADT-41.tsv",1.55800921101418,-0.348761317741857,3.87793712879675,-0.563424830083134,-0.540745630152184,2.10277230917754,-0.246167399767899,-0.22675253371779,-0.105247688056372,-0.320553976702711,-0.349238358486674,-0.551355888280644,-0.431683966515668,-0.0968708361307782,-0.109708076555884,0.0553565690638416,-0.128705256587394,-0.295199571400139,-0.0176891279828628,-0.479058014130464,-0.323440034367411,-0.0758669774515187,0.930293755741408,-0.485038969678416,-0.201599969256681,-0.477855747025542,-0.49203806303828,0.364852527409808,-0.187761148456257,0.358135055564428,-0.239271841783084,2.22468644111064,0.457212164407665,-0.267117428644173,3.03745564372811,10.1053319513435,-0.567400795770602,"SP_2"
"mADT-42.tsv",-0.24372284808575,-0.346865203050159,1.07997609597739,0.0178980782151783,0.336961587239457,-0.50333487555413,-0.196696644534366,-0.22675253371779,-0.151196036692832,0.467923360463571,-0.259956572844915,3.98584280967073,-0.380777441700319,-0.11442113222609,-0.109708076555884,1.21864607982156,0.111313308550269,-0.0351201438416656,3.87411250988368,-0.479058014130464,-0.143076795921432,0.529550386499913,0.436257300344569,-0.0550480376837756,-0.817515670868341,0.107013130797053,-0.493335727555863,1.34844147846349,-0.213029790388026,-0.0719060911658407,-0.239271841783084,-0.367415940394969,-0.308622948116175,-0.0923074576512835,0.471067632828613,0.785366782298979,9.65134883842629,"SP_2"
"mADT-43.tsv",-0.348637103942634,-0.348761317741857,-0.915503564154594,-0.204110888557185,-0.573651284629527,-0.50333487555413,5.64380593049516,-0.22675253371779,-0.203522438469308,-0.244549564585567,-0.347767838003604,-0.292289679789727,-0.576394126383342,-0.11442113222609,-0.109708076555884,-0.645928680178192,-0.12615582097319,-0.29848773240115,-0.446456735426917,-0.479058014130464,-0.427663977108966,-0.362827326308232,-0.493241395936492,-0.460484421259752,-0.741975207845514,-0.477855747025542,-0.493335727555863,-0.652036620831624,1.46622427318164,-0.521503070844397,-0.239271841783084,-0.482090665972959,-0.308622948116175,-0.267117428644173,-0.528207425679519,-3.69154854989577,-9.64159960551421,"SP_1"
"mADT-44.tsv",0.0839201168893614,-0.348761317741857,2.19160546674157,-0.581138266903539,-0.276706327955614,-0.50333487555413,-0.204520247136889,-0.22675253371779,4.3209526423165,-0.40121539768439,-0.349238358486674,-0.551355888280644,-0.703305041526542,-0.11442113222609,-0.109708076555884,-0.704373356133799,-0.128705256587394,-0.295705467015661,-0.519983201858898,-0.479058014130464,0.676699153536073,1.67883235586492,-0.497983547965336,-0.485038969678416,-0.471647252289396,-0.448971028071415,-0.482355586777664,0.262114152453235,-0.137067209829349,5.54395131552268,-0.239271841783084,-0.460044881929985,-0.308622948116175,-0.260994074541602,0.0329289056049977,15.7503877054319,3.8043617454479,"SP_2"
"mADT-45.tsv",0.46701988560312,-0.348761317741857,1.6131681293353,-0.576497057301337,2.10345940228089,-0.50333487555413,-0.261172091227464,-0.22675253371779,-0.047264249712984,0.53312223562573,-0.349238358486674,-0.549858327181927,-0.716861320951607,-0.11442113222609,-0.109708076555884,-0.686786809273574,-0.128705256587394,4.70712856497073,-0.512179342926888,-0.479058014130464,-0.126651214315924,2.33230243013203,-0.0175920804118865,-0.485038969678416,-0.819613199831005,5.8854430984609,-0.493335727555863,2.91745881846618,0.571000059764805,0.0933033098091888,-0.239271841783084,-0.480001329465757,-0.308622948116175,-0.267117428644173,-0.328652356721707,15.0499406605865,0.456655763260899,"SP_2"
"mADT-46.tsv",-0.304450264913297,-0.345396725885883,1.44062662756255,-0.581138266903539,1.49355439177839,0.479914211815564,-0.261506767310399,-0.22675253371779,-0.200995868591012,0.220142670084056,-0.348347064360809,0.61427519749708,-0.712042172997741,-0.11442113222609,-0.109708076555884,-0.684492423800959,-0.126387406873596,0.0608754195350146,0.577603041046288,-0.477007734644223,-0.228161597793048,-0.12238204297854,-0.484318648591179,-0.416472214678512,1.63189873997058,0.136611438080794,-0.490733493255175,1.09544375274459,-0.296325196588828,0.975964912481367,-0.239271841783084,3.46163465543279,0.0644813577397997,-0.267117428644173,1.45761670345146,10.1174698117456,1.01177374038118,"SP_2"
"mADT-47.tsv",-0.00479259262260471,-0.348761317741857,1.78773810464908,-0.581138266903539,0.980320803903042,-0.474933615617441,-0.257142781603408,-0.22675253371779,0.913786325107012,5.33983307984177,-0.349238358486674,-0.551355888280644,-0.713842707869912,-0.11442113222609,-0.109708076555884,-0.69349543150981,-0.109105249342312,7.68731187172844,1.03446536606256,-0.479058014130464,0.208314037322172,0.793399618086186,-0.519804539438065,-0.485038969678416,-0.814561806079565,0.779415404780464,-0.493335727555863,1.00814482083994,-0.193789551281783,2.00539244939771,-0.239271841783084,-0.267626375029861,-0.308622948116175,-0.267117428644173,1.77159630649913,15.0677458203496,-1.10945579901694,"SP_2"
"mADT-48.tsv",-0.358751508657021,-0.348761317741857,-0.865652561790141,-0.581138266903539,-0.372727486543635,-0.50333487555413,-0.132675035640341,-0.22675253371779,-0.203522438469308,1.57542756843367,-0.349238358486674,-0.551355888280644,-0.716861320951607,-0.11442113222609,-0.109708076555884,-0.703103353815436,10.1070219151797,-0.294251683727509,2.69710050817308,-0.479058014130464,-0.427663977108966,-0.362827326308232,-0.55694793273316,-0.485038969678416,-0.640430708580502,-0.218179081581783,-0.493335727555863,-0.56031779080294,-0.185690801277211,-0.521503070844397,-0.239271841783084,-0.44665583051511,-0.308622948116175,-0.267117428644173,-0.495064528335746,-2.08140923155004,-6.01785799941961,"SP_5"
"mADT-49.tsv",-0.243211935489134,-0.348761317741857,-0.879499550231912,-0.576507456426609,-0.570844402439726,0.492174738093457,-0.254474624953142,-0.22675253371779,-0.201640248421658,-0.0532641226107713,-0.349238358486674,-0.551355888280644,-0.504149917481577,-0.113328713007099,-0.109708076555884,-0.621432500826836,-0.125251852269757,-0.197175203239166,-0.272059726373504,1.08993631856324,-0.418375163348644,-0.354525333230059,-0.521505201210958,-0.485038969678416,0.359884234403261,-0.477855747025542,-0.284698539851332,-0.408121108379366,-0.267980837463645,-0.520880089624323,-0.239271841783084,-0.160912851715857,3.30170686200752e-05,-0.267117428644173,-0.498806705086888,-1.31801370303569,-1.96473069691306,"SP_5"
"mADT-5.tsv",-0.203859779395474,-0.348761317741857,0.492434326214636,-0.443431987943204,-0.527385709440991,1.49058981686342,0.134189545784793,0.455567735168655,-0.0911223993644092,1.0282075858707,-0.349238358486674,-0.51748471590499,-0.675514593957259,-0.11442113222609,-0.109708076555884,0.735446755225209,-0.106609257634008,-0.289058927104637,4.03602768436129,-0.479058014130464,-0.24087505789185,0.648040289792506,-0.0722868247316699,-0.485038969678416,0.196838990022193,-0.439011588261259,-0.493335727555863,-0.517113808257192,0.196643284249145,0.0269754211582412,-0.239271841783084,1.47230759708274,0.74464681221447,1.06558386305257,1.76691677321492,8.54310727599462,-3.85724058309991,"SP_2"
"mADT-50.tsv",1.65762617855122,-0.348761317741857,0.0159988165221578,-0.427039940131157,-0.54079116280772,-0.50333487555413,-0.271236916015465,-0.22675253371779,-0.165688188939847,-0.368514931608937,-0.349238358486674,-0.551355888280644,-0.501428834111705,-0.11442113222609,-0.109708076555884,-0.279061348685333,-0.128705256587394,-0.126419661891068,-0.450456212419009,-0.468222008922171,0.803250538301462,-0.178099314084394,3.80333606810702,-0.485038969678416,2.40457019062743,-0.477855747025542,-0.341191380938498,1.00581909801119,-0.253420827533364,0.0412800238327234,-0.239271841783084,0.180597934949908,-0.308622948116175,-0.267117428644173,0.313479945674877,13.9899255729461,-3.96031997014009,"SP_2"
"mADT-51.tsv",4.23264450269211,-0.348761317741857,0.128062657641488,-0.0859087572247694,0.432844077229533,-0.50333487555413,-0.23585237512169,-0.22675253371779,0.200276367945508,-0.404778720610238,-0.349238358486674,-0.551355888280644,-0.702294875185854,-0.11442113222609,-0.109708076555884,-0.64370213947108,-0.128705256587394,0.0602630714696707,-0.504037835854051,-0.479058014130464,1.68021251087501,-0.209714750057362,2.65993980956558,-0.485038969678416,-0.810244300089467,-0.233992765154244,-0.493335727555863,2.04614930331511,0.364842369513317,1.49939589115987,-0.239271841783084,-0.387334977637082,-0.308622948116175,-0.261634391187088,-0.181689057916319,15.0094743113534,-6.15808662617683,"SP_2"
"mADT-52.tsv",0.101722619725329,-0.348761317741857,1.12402322652539,0.493992520624891,-0.235274656779001,2.33648914001868,-0.258929639641988,-0.22675253371779,-0.0862193469311793,-0.204970043196584,-0.320590092161774,0.138367360058602,1.13761943240312,-0.11442113222609,-0.109708076555884,1.02487004120482,0.0927285120605712,-0.295544111715728,-0.196588554815663,-0.479058014130464,-0.419181873263851,-0.292875500609946,1.28502110303655,-0.480293287099566,1.43255951621354,-0.448751113133824,-0.321405231118152,-0.105304308256755,-0.00794742267139866,-0.0884455450145251,-0.239271841783084,-0.388847007744252,0.666031467453315,-0.267117428644173,0.873896652927594,5.54513741557242,6.9867131280846,"SP_2"
"mADT-6.tsv",0.233504841244612,-0.348761317741857,1.51831155189094,-0.301677160577763,1.50810098556845,0.301400965316044,-0.16353450320965,-0.22675253371779,0.101096689351186,-0.00786569514306077,-0.349238358486674,-0.551355888280644,-0.620023531823918,-0.11442113222609,-0.109708076555884,0.252515339795764,-0.12238990033156,-0.200798006166117,0.778093627698124,-0.479058014130464,0.118339188229684,-0.270354333924713,1.17615713299984,-0.485038969678416,1.31743386548769,-0.193083734892252,-0.493335727555863,0.174967806664508,0.0333556690130574,0.915112166556169,-0.239271841783084,-0.221963018655592,-0.22377106074352,-0.242404713576235,2.56401564386747,11.4964970617241,-0.777843275035644,"SP_2"
"mADT-7.tsv",-0.310349151224185,-0.348761317741857,-0.926085597406149,0.401078196412276,-0.587640446485735,-0.50333487555413,5.80299131600536,-0.22675253371779,-0.203522438469308,-0.369181979444913,-0.349238358486674,-0.551355888280644,-0.657274770095468,-0.11442113222609,-0.109708076555884,-0.068576353822134,-0.107862240553658,-0.12616391735063,-0.400874524167038,-0.479058014130464,-0.393625957792532,-0.362827326308232,-0.457741186139715,-0.485038969678416,-0.835481411818756,-0.477855747025542,-0.493335727555863,-0.596173159704484,0.5026269023415,-0.521503070844397,-0.239271841783084,-0.485668986017393,-0.308622948116175,-0.230414925572385,-0.534244746161153,-4.10339875170298,-9.58276544304514,"SP_1"
"mADT-8.tsv",-0.329634619947715,-0.348761317741857,-0.748203502070288,-0.433960048535386,-0.50650799739274,0.537019836604219,1.4173972611764,0.764962223771709,-0.203522438469308,0.678798711763702,-0.349238358486674,-0.551355888280644,-0.692706903089257,-0.11442113222609,-0.109708076555884,-0.248522325743723,1.15386351731112,-0.120021063911794,1.13717620998327,-0.178988252578078,-0.427663977108966,-0.362827326308232,-0.412257226747733,-0.485038969678416,-0.176046352270985,0.280253224491713,-0.493335727555863,1.1988774044378,2.11468426096307,-0.521503070844397,-0.239271841783084,-0.479146596776547,0.66743005002107,1.81315499396962,-0.523240209489203,-1.59099163298909,-6.90925304992924,"SP_1"
"mADT-9.tsv",-0.30074756670395,-0.348761317741857,1.94474693117716,-0.581138266903539,0.33595355471537,-0.50333487555413,-0.248983269522519,-0.176583512247019,-0.106556857708808,0.318794919476232,-0.349238358486674,-0.551355888280644,-0.716861320951607,-0.11442113222609,-0.109708076555884,-0.70901880746606,-0.128705256587394,1.53325397778117,-0.466048065104214,-0.448864417846282,0.577102110059038,9.23820821695408,-0.553255479365318,-0.485038969678416,-0.201382057640756,1.33325300496361,-0.493335727555863,0.914197190621909,-0.101905306034698,1.60269752026877,-0.239271841783084,-0.485668986017393,-0.308622948116175,0.642779135687126,-0.246839493113836,15.9338789250661,2.04368453460846,"SP_2"
"N-1.tsv",-0.365923576729218,2.86599105660044,-0.723805961789885,1.10241144744615,-0.587640446485735,-0.50333487555413,-0.233958855643533,-0.22675253371779,-0.194544098892544,-0.399151944228101,1.21975043846919,0.604841617721632,-0.151730604923697,-0.11442113222609,-0.109708076555884,-0.62394808316282,-0.128705256587394,-0.29848773240115,-0.409636972452117,-0.479058014130464,-0.427663977108966,-0.319625363140891,-0.553272555610275,1.38063450728581,-0.835481411818756,-0.477855747025542,-0.493335727555863,-0.664589189758251,-0.0544964980900753,-0.521503070844397,-0.239271841783084,-0.46543771499694,-0.308622948116175,-0.267117428644173,-0.534244746161153,-20.0608569311689,2.6739173009446,"SP_3"
"N-10.tsv",-0.367171054146807,-0.329425384545733,0.629920450586441,0.159219171242101,-0.587640446485735,3.95901629301886,-0.238285192266318,-0.22675253371779,-0.17318618834184,0.02420774479942,-0.309724493492792,-0.164970884420888,0.90775328857088,-0.113518204176716,-0.109708076555884,1.18025178784248,-0.127991662490454,-0.295442683469448,0.0806489402425263,-0.225939790274316,-0.427663977108966,-0.285474679380309,-0.556098807195964,-0.393727767547032,1.04707960719106,-0.477855747025542,-0.230158840099649,-0.584949882590984,-0.270682659964304,-0.521503070844397,-0.239271841783084,1.70579177714894,1.43106013019003,-0.267117428644173,-0.489181739713486,5.0526691803527,7.35436405441591,"SP_2"
"N-11.tsv",-0.36381269506276,-0.34373197114592,-0.789945327006948,-0.46538787499018,-0.496386147316031,0.253503501232652,-0.22178563216507,-0.22675253371779,-0.152914891238029,-0.404778720610238,-0.338047085052566,-0.480427566258687,-0.306256265571267,-0.11442113222609,-0.109708076555884,-0.65939638990476,-0.128705256587394,-0.295530826712893,-0.517450035260555,2.84065770089789,-0.427663977108966,-0.227138305162771,-0.479440571240591,-0.443565194823688,-0.410687146121049,-0.451543358292269,0.434377944580645,-0.64866747668957,-0.293816578516353,-0.520503043305156,-0.239271841783084,-0.485668986017393,-0.173692796859037,-0.267117428644173,-0.530962851606656,0.670912075983051,-1.92250126795746,"SP_4"
"N-12.tsv",-0.366673581594529,-0.348562652316292,-0.912451967794906,-0.581138266903539,-0.587640446485735,-0.50333487555413,-0.265204397282584,-0.22675253371779,-0.203522438469308,-0.404778720610238,-0.349238358486674,-0.54465603541778,-0.716007667860744,-0.11442113222609,-0.109708076555884,-0.71888555537815,-0.128705256587394,-0.29848773240115,-0.521140793659491,4.31458018605683,-0.427663977108966,-0.362827326308232,-0.55694793273316,-0.478824859073969,-0.764489526675796,-0.477855747025542,-0.439404113731583,-0.664589189758251,-0.304597077712393,-0.521503070844397,-0.11070712927394,-0.485668986017393,-0.308622948116175,-0.267117428644173,-0.534244746161153,2.49162829882736,-2.15576247036285,"SP_4"
"N-13.tsv",-0.35509204660398,-0.348761317741857,-0.793170119162908,2.4396943510386,-0.416752026028961,2.74991248455961,-0.244605263331356,-0.22675253371779,-0.203522438469308,-0.404778720610238,-0.3283284132501,-0.330867424534915,0.7510111251901,-0.11442113222609,0.147890835966065,0.675846885714099,-0.128705256587394,-0.29848773240115,-0.517922721440377,-0.374039719200244,-0.345478957157209,-0.3612428048851,0.330588854431678,-0.448876861987954,-0.714392495427801,-0.173867827974055,-0.186564718880136,-0.402803529473135,-0.290352259105319,-0.486189051331761,3.51826725842764,-0.485668986017393,4.4166416781399,-0.267117428644173,-0.489890368407387,5.82005672561146,9.88310073355679,"SP_2"
"N-14.tsv",-0.339382271542426,-0.308460099061442,-0.660536903140768,-0.463670563232299,-0.481061492132754,0.239175106467304,-0.250334264305488,-0.22675253371779,-0.202864539399698,1.29393469628169,-0.332528164224509,-0.196800110698155,1.07383602958835,-0.11442113222609,-0.109708076555884,0.0180408572687447,0.0155431858601169,0.564294247044593,0.0210643892744273,-0.406450773376237,-0.420242711120496,-0.362827326308232,-0.406129931853827,-0.293624826231791,1.01924384526531,-0.477855747025542,1.01398879681768,-0.337704573003467,-0.258266237810457,-0.498856414296286,4.97194952298639,-0.0637998950784856,-0.0378468861513281,-0.267117428644173,-0.434196045345753,-8.90997638427349,-1.06967506544122,"SP_5"
"N-15.tsv",-0.367171054146807,1.21811032312332,-0.849886510562821,-0.404255368020552,-0.587640446485735,-0.391905734879557,-0.24418207515138,-0.22675253371779,-0.202883786677185,-0.404778720610238,4.6935664699777,0.309970788419971,-0.512211031791306,-0.11442113222609,-0.109708076555884,-0.681626850307247,-0.128705256587394,-0.29848773240115,-0.484733696301859,-0.479058014130464,-0.427663977108966,-0.233758642673042,-0.55694793273316,2.61979127116593,-0.795573428233439,-0.477855747025542,-0.493335727555863,-0.654973390104602,-0.28161160505203,-0.521503070844397,0.0732911205488146,-0.485668986017393,-0.301321439030243,-0.267117428644173,-0.534244746161153,-18.2501608018209,-0.299365187554008,"SP_3"
"N-16.tsv",-0.367171054146807,0.773570884455302,-0.911005565931752,-0.469435546318965,-0.587640446485735,-0.50333487555413,-0.270879459955829,-0.22675253371779,-0.202779890546996,-0.404778720610238,5.44949290697855,0.504661054900613,-0.48883272719574,-0.11442113222609,-0.109708076555884,-0.710221562141254,-0.128705256587394,-0.29848773240115,-0.521140793659491,-0.479058014130464,-0.427663977108966,-0.360445332197819,-0.55694793273316,2.97304730618513,-0.835481411818756,-0.477855747025542,-0.493335727555863,-0.664589189758251,-0.306311775883794,-0.521503070844397,-0.239271841783084,-0.26767303543343,-0.308622948116175,-0.267117428644173,-0.534244746161153,-18.0021541827679,-0.687039403435941,"SP_3"
"N-17.tsv",-0.308631932522562,-0.321246124506523,-0.926085597406149,-0.581138266903539,-0.587640446485735,-0.50333487555413,-0.23489111064152,-0.22675253371779,-0.203522438469308,-0.393095442205871,-0.333948136720946,-0.414354500822229,-0.578184253328914,-0.0365171868161335,-0.109708076555884,-0.706650181598937,-0.128705256587394,-0.289365353719805,-0.521140793659491,2.74132487375999,-0.427663977108966,-0.362827326308232,-0.55694793273316,-0.321496811730757,0.12109854781206,-0.477855747025542,-0.216126184353314,-0.661782319310731,-0.119503322787899,-0.521503070844397,-0.239271841783084,-0.0343869579668871,-0.308622948116175,-0.267117428644173,-0.494419726440953,0.841651677225007,-2.65405438513655,"SP_4"
"N-18.tsv",-0.367171054146807,-0.274513246284546,-0.211156058110315,0.185588104559326,-0.587640446485735,-0.50333487555413,-0.220303361902189,-0.22675253371779,-0.201966483969563,-0.404778720610238,-0.0199033693416979,1.8022647765316,1.96306953406983,-0.113518059445783,-0.109708076555884,-0.360329046850636,-0.128705256587394,-0.29848773240115,-0.521140793659491,-0.444966804647811,-0.427663977108966,-0.300436160312439,-0.55694793273316,0.00890615663911657,0.361174175682364,-0.477855747025542,0.362426735660363,-0.664589189758251,-0.296315785352056,-0.521503070844397,-0.239271841783084,-0.427567935759696,-0.308622948116175,-0.267117428644173,-0.534244746161153,-1.29957519247183,6.6618522498228,"SP_5"
"N-19.tsv",-0.364949092035907,-0.173511765479799,-0.578478734814688,0.625921155735104,-0.523605513779031,1.03525862817299,-0.228414794054064,-0.22675253371779,-0.203522438469308,-0.404778720610238,-0.250865807332453,-0.336440656512456,0.306887070482726,-0.11442113222609,-0.109708076555884,-0.339870048107087,-0.128705256587394,-0.2867496205905,-0.521140793659491,0.426103224062727,-0.42625465995101,-0.172055972010465,-0.387831304213862,-0.290120807856847,-0.58085223384508,-0.444972385474379,0.96278718504678,-0.487013594454723,-0.292665601016401,-0.518856512514639,-0.239271841783084,0.57222198538916,0.638381539854551,-0.267117428644173,-0.521216516892817,-2.04746412558316,0.299890045512951,"SP_5"
"N-2.tsv",-0.340617746600224,-0.347064669637033,-0.753859846488351,4.32766914127513,-0.5220482545264,1.92696027659902,-0.164518805854575,-0.22675253371779,-0.2025668916647,-0.399987947754099,-0.313844248697117,-0.491536784127988,3.15251441892293,-0.11442113222609,-0.109708076555884,0.304057962821501,-0.128705256587394,-0.29848773240115,-0.519584448783605,-0.244107529434268,-0.381854047975128,-0.306119906275736,-0.0666902192890576,-0.446442661519613,-0.748212841152956,-0.45381529651094,0.848570565971977,-0.405621405701042,-0.129877072475302,-0.51770778323304,-0.239271841783084,0.0655435305214799,0.101044755117927,-0.267117428644173,-0.527325084643123,-6.69947479345684,9.47710853774972,"SP_5"
"N-20.tsv",-0.364579555638727,-0.346001547906107,0.888922876967639,-0.548360467236404,-0.244802400827608,5.20164942930682,-0.246171435468997,-0.22675253371779,-0.170882273398752,-0.38140069004389,-0.341836231176745,-0.4413625193836,-0.00386534606048108,-0.0350355593317319,-0.109708076555884,0.570993374016202,-0.118011057264737,-0.29848773240115,-0.0325511735462299,-0.479058014130464,-0.424376573337013,-0.199536964199115,-0.253236811190934,-0.463948544344062,-0.306900113523121,-0.452287599551303,-0.433304198915021,-0.475032401536786,-0.30026976524147,-0.490635974013772,2.0262547613016,-0.473660910949409,4.10160920213475,-0.267117428644173,-0.0570102869620137,5.86129891166622,9.18856660501119,"SP_2"
"N-21.tsv",-0.367171054146807,-0.348761317741857,-0.71024847952216,-0.111291054222384,-0.587640446485735,-0.177000305541725,-0.257514884062925,-0.22675253371779,-0.200082186150129,-0.404778720610238,-0.348198119235849,-0.537310244184966,0.921737470772489,-0.11442113222609,-0.109708076555884,0.0638562416881861,-0.128705256587394,-0.29848773240115,-0.52034032168397,1.11501480575689,-0.427663977108966,-0.362827326308232,-0.521002669211322,-0.4834880972064,-0.0901594519801596,-0.477855747025542,0.615204490554389,-0.660149375744611,-0.299168119724171,-0.521503070844397,-0.239271841783084,0.114245965325128,-0.30511122094058,-0.267117428644173,-0.530685769477326,-2.11284186573888,1.17969118668859,"SP_5"
"N-22.tsv",-0.367171054146807,2.53087938185858,-0.926085597406149,-0.106137214543412,-0.587640446485735,-0.50333487555413,-0.181097030587183,-0.22675253371779,-0.203522438469308,-0.404778720610238,1.03936175943378,0.331312847441077,-0.509814449956328,-0.11442113222609,-0.109708076555884,-0.592230262576135,-0.128705256587394,-0.29848773240115,-0.521140793659491,-0.464743887876645,-0.427663977108966,-0.360650990341822,-0.55694793273316,2.1645217397754,-0.766998639143637,-0.477855747025542,-0.461891759968085,-0.513409750689552,-0.23001961542509,-0.521503070844397,-0.239271841783084,-0.485668986017393,-0.308622948116175,-0.267117428644173,-0.534244746161153,-20.0590718368868,1.92788601789038,"SP_3"
"N-23.tsv",-0.367171054146807,0.781836435156403,-0.651085168485741,-0.439463463382359,-0.586871856354757,-0.484915488863096,-0.257896542071027,-0.22675253371779,-0.160694609145847,-0.404778720610238,1.03717096509979,1.49090184024127,-0.0249051612935065,-0.0988244679144366,-0.109708076555884,0.278088650986076,-0.128705256587394,-0.29848773240115,-0.20655609210143,-0.479058014130464,-0.372011758366032,-0.228135237632154,-0.488194915269198,2.73042545370643,-0.530723396801461,-0.477855747025542,-0.367491307578198,-0.520450022224923,-0.277202197986398,-0.324714157718512,6.62244282415147,-0.438091920073354,-0.308622948116175,-0.267117428644173,-0.396809788551994,-10.1247323556083,-1.20017039127887,"SP_3"
"N-24.tsv",-0.367171054146807,0.259817922580604,-0.171552829970481,0.0249679158017472,-0.558230955030046,-0.50333487555413,-0.218816060467356,-0.22675253371779,-0.108909188048573,0.660287645728269,3.3961794753514,2.19269674379941,0.81027387449631,-0.11442113222609,-0.109708076555884,0.705301551992041,-0.128705256587394,0.575052863327976,-0.457174284640579,-0.479058014130464,-0.427663977108966,-0.000623679054328114,-0.29484433006187,1.77333562974845,-0.814029381636088,-0.477855747025542,-0.493335727555863,-0.55707708711445,-0.29669015434711,-0.521503070844397,-0.239271841783084,1.21760060679239,-0.308622948116175,-0.267117428644173,-0.340334731672583,-15.9319048093928,0.660945216668228,"SP_3"
"N-25.tsv",-0.367171054146807,-0.322923105453762,-0.803495703401401,-0.432017040743629,-0.587640446485735,-0.50333487555413,-0.269576423063517,-0.22675253371779,-0.200073075790334,-0.396131779919465,-0.300869512793399,-0.49795845595319,-0.192164421872945,-0.11442113222609,-0.109708076555884,-0.458538395323837,-0.128705256587394,-0.288360352308905,-0.501477295580565,3.856070052657,-0.427663977108966,-0.362135758015205,-0.554123867421208,-0.462180771910055,-0.539109386489234,-0.477855747025542,-0.0143924239597432,-0.645113564975585,-0.287820730430339,-0.521503070844397,-0.239271841783084,-0.477896391696417,-0.308622948116175,-0.267117428644173,-0.534244746161153,1.75765827727793,-2.13553330082449,"SP_4"
"N-26.tsv",-0.367171054146807,3.85050736916927,-0.926085597406149,-0.581138266903539,-0.587640446485735,-0.50333487555413,-0.260440141677368,-0.22675253371779,-0.203522438469308,-0.404778720610238,-0.349238358486674,-0.317346900647455,-0.716861320951607,-0.11442113222609,-0.109708076555884,-0.71888555537815,-0.128705256587394,-0.0680136248336915,-0.519618710146317,-0.479058014130464,-0.427663977108966,0.765839558065399,-0.55694793273316,2.11181254821198,-0.835481411818756,-0.477855747025542,-0.493335727555863,-0.611121739533397,-0.298474554930293,-0.521503070844397,-0.239271841783084,-0.485668986017393,-0.308622948116175,-0.261749816146072,-0.534244746161153,-21.4749412740741,2.96908081652995,"SP_3"
"N-27.tsv",-0.35113461915469,-0.135823575096744,0.0238563453290482,-0.323795055202652,-0.280637142513808,-0.482657966074137,-0.190499970730929,-0.22675253371779,-0.189095267591312,-0.404778720610238,-0.312021750761777,-0.0555945372079782,0.0175308083536418,-0.102907569449363,-0.109708076555884,-0.634717983724792,-0.128705256587394,-0.29848773240115,-0.512328959419178,0.216804532682067,-0.425121131882671,-0.0504344336157771,-0.46639059773002,-0.12196451106144,-0.144169280842877,-0.142805681722062,0.837029566210724,-0.615714392960335,-0.238272579847906,-0.507177434822138,3.6460926214066,-0.35098738376039,-0.308622948116175,-0.264527858098814,-0.500290239627773,-8.83227514408635,-1.06607784070653,"SP_5"
"N-28.tsv",-0.358782119291785,-0.348761317741857,-0.083099097381269,-0.277678102759129,-0.568990274112984,-0.50333487555413,-0.270873605183899,-0.22675253371779,-0.140126788983802,-0.310182498169652,-0.347640931011207,-0.520543062191045,0.575831842009052,-0.11442113222609,-0.104760736500433,-0.597804419914165,-0.128705256587394,-0.29848773240115,-0.341672844147273,0.283426930959284,-0.427663977108966,-0.119515943300686,-0.470442360881675,-0.462175863484829,0.519467975898471,-0.477855747025542,1.77330543854084,-0.45777857364233,-0.302438990470787,-0.513509485243836,-0.239271841783084,-0.483725420177677,-0.308622948116175,-0.267117428644173,-0.503639133120894,-3.49493224401885,2.44385752389324,"SP_5"
"N-29.tsv",-0.366439737350648,-0.347885164704671,-0.510207530677453,2.03286748520327,-0.571984073465697,-0.50333487555413,-0.262368723685451,-0.22675253371779,-0.198259008092509,-0.404778720610238,-0.340186594271446,-0.537029755013664,0.535554031215621,-0.11442113222609,-0.109708076555884,0.6763480641932,-0.123273061426507,-0.29848773240115,-0.479348387282386,-0.303404620092232,-0.421170075952231,-0.23724976138076,-0.517446195297334,-0.482962800561411,-0.735862510696795,-0.477855747025542,6.02819572015514,-0.642795897278572,-0.284950622851881,-0.521503070844397,-0.239271841783084,0.107346490507288,-0.308622948116175,-0.267117428644173,-0.533291858336728,-6.96175069741156,5.88143738829398,"SP_5"
"N-3.tsv",-0.354910526674207,-0.348761317741857,0.249947560044039,0.230783018732158,-0.48524474452672,-0.351731673872019,-0.191968728279782,-0.22675253371779,0.1139891004124,-0.404778720610238,-0.349238358486674,-0.551355888280644,1.75970874758348,-0.11442113222609,-0.109708076555884,-0.560309655895183,-0.128705256587394,-0.292319205703188,-0.513441345614874,-0.298762331454352,-0.427663977108966,0.220997612821787,-0.413317803657983,-0.485038969678416,0.0052547710513125,-0.278112066707975,1.46513395424623,-0.201952209300585,-0.195287522921057,-0.503770371052329,-0.239271841783084,-0.485668986017393,-0.308622948116175,-0.267117428644173,-0.505717663694908,-3.59617858910316,3.81480988884437,"SP_5"
"N-30.tsv",-0.363676932381739,-0.319807268773159,1.1048069385578,0.709337103940759,-0.510678846849027,-0.50333487555413,-0.254212897540532,-0.22675253371779,0.723805616699551,-0.404778720610238,-0.216999375401999,0.384458144585485,3.51620458117257,-0.11442113222609,0.533670783183952,-0.05180542227892,-0.128705256587394,-0.29848773240115,-0.521140793659491,-0.475231666760254,-0.426555874110418,0.0632165156808805,-0.442850034212423,-0.29507816858832,1.01737899389601,-0.424624490079911,0.997590314019035,-0.638557920551225,-0.295189574387775,-0.513179439206248,-0.239271841783084,0.797428746210823,-0.308622948116175,-0.267117428644173,-0.516033726780888,-3.20571403217258,5.94689102333275,"SP_5"
"N-31.tsv",-0.367171054146807,-0.348187228746403,-0.476297723867719,-0.245670144545753,-0.58704860102315,-0.446600186948039,-0.260964288941583,-0.22675253371779,-0.203522438469308,-0.404778720610238,-0.301333624732331,-0.358628414267655,1.16285935582544,0.0146870325770565,-0.109708076555884,-0.649093698057623,-0.128705256587394,-0.29848773240115,-0.521140793659491,0.0294232266278312,-0.427663977108966,-0.32860027024246,-0.55694793273316,-0.441778712404241,-0.560397637774856,-0.477855747025542,1.08212449042127,-0.662641944420919,-0.305856779311041,-0.521503070844397,0.0875255359129326,0.0438915507818174,-0.308622948116175,-0.267117428644173,-0.534244746161153,-3.10131379418518,1.49640363467733,"SP_5"
"N-32.tsv",-0.367171054146807,-0.339303288174891,-0.26800326662613,0.618329215232638,-0.554326017150832,-0.50333487555413,-0.26696317912539,-0.22675253371779,-0.170674257156044,-0.320208624954173,-0.349238358486674,-0.483696550821929,0.0265224422286082,-0.11442113222609,-0.0211191873858274,1.89926361326261,-0.0879828375256888,-0.29848773240115,0.0268871339004583,2.97395954183891,-0.427663977108966,0.296463141426505,-0.553071393270745,-0.380262191893947,-0.594374116984331,-0.464110679513092,-0.338349042073912,-0.61379494904406,-0.266373338762599,-0.521503070844397,0.0440932888507171,-0.462806224145786,-0.308622948116175,-0.267117428644173,-0.531673151692237,2.1339941723183,0.310906646258443,"SP_4"
"N-33.tsv",-0.367171054146807,2.97411625513492,-0.877904972002792,-0.571720618466744,-0.587640446485735,0.767819917159351,-0.116452796130268,-0.22675253371779,-0.203522438469308,-0.404778720610238,0.0394867743724534,0.500053718611638,0.648138873103047,-0.104053452326544,-0.109708076555884,-0.715628918294453,-0.128705256587394,-0.276635151910229,-0.519322392860629,-0.479058014130464,-0.427663977108966,-0.348501755840178,-0.545979290778175,1.1630467123609,-0.789866487249766,-0.477855747025542,-0.370873986774308,-0.651141521222533,-0.269511321572953,-0.521503070844397,-0.239271841783084,-0.456917862151711,0.288090530579215,-0.267117428644173,-0.534244746161153,-21.1227182865632,1.44769708013889,"SP_3"
"N-34.tsv",-0.367171054146807,5.91047031730203,-0.926085597406149,-0.581138266903539,-0.587640446485735,-0.50333487555413,-0.254431413556538,-0.22675253371779,-0.203522438469308,-0.404778720610238,-0.349238358486674,-0.537929198509098,-0.716861320951607,-0.11442113222609,-0.109708076555884,-0.71888555537815,-0.128705256587394,-0.29848773240115,-0.521140793659491,-0.479058014130464,-0.427663977108966,-0.354306538817936,-0.55694793273316,-0.234537078351763,-0.835481411818756,-0.477855747025542,-0.493335727555863,-0.664589189758251,-0.292781951233366,-0.521503070844397,-0.239271841783084,-0.485668986017393,-0.308622948116175,-0.267117428644173,-0.534244746161153,-22.5952563233969,2.57633699549645,"SP_3"
"N-35.tsv",-0.367171054146807,3.5768275134143,-0.926085597406149,-0.512788255265984,-0.587640446485735,-0.50333487555413,-0.223529729513494,-0.22675253371779,-0.203522438469308,-0.404778720610238,-0.11375094190659,-0.0144201357848567,-0.688328895464894,0.0472832862456605,-0.109708076555884,-0.71888555537815,-0.115839806573954,-0.29848773240115,-0.295771183002194,-0.463125628470813,-0.427663977108966,-0.362827326308232,-0.55694793273316,1.81677139040355,-0.835481411818756,-0.477855747025542,-0.476002982407053,-0.664589189758251,-0.290174244722194,-0.521503070844397,-0.239271841783084,-0.463999861726228,-0.308622948116175,-0.267117428644173,-0.534244746161153,-21.214821705731,2.41075946709411,"SP_3"
"N-36.tsv",-0.365507152428312,-0.344442208436869,-0.487180347271755,-0.22757610122499,-0.587640446485735,-0.50333487555413,-0.246375933427542,-0.22675253371779,-0.203522438469308,-0.404778720610238,-0.251809611212207,2.30580039450494,1.31177429456199,-0.100520106087519,-0.109708076555884,0.990603837141938,-0.128705256587394,-0.29848773240115,0.0225597365948407,-0.412247400646702,-0.427663977108966,-0.222370424545161,-0.555313844018164,-0.211062766712589,0.240226859411714,-0.477855747025542,-0.0735922181663534,-0.664589189758251,-0.30628927838376,-0.521503070844397,-0.239271841783084,0.948376892194944,-0.308622948116175,-0.267117428644173,-0.533160734624073,-0.8102017738893,7.02050667378637,"SP_5"
"N-37.tsv",-0.361786102274639,-0.299539266843628,-0.548939585104479,3.45702590309092,-0.549212587930489,-0.453424342261015,-0.244287821345044,-0.22675253371779,-0.203522438469308,-0.404778720610238,-0.28486560402987,-0.402646354934288,2.10969615811788,-0.11442113222609,-0.106963598339294,-0.646657799411552,-0.128705256587394,-0.296380513511962,-0.521140793659491,1.49533157071351,-0.427663977108966,-0.260949218058534,-0.497011975064458,-0.391954537504011,-0.81219473739858,-0.467438332410399,0.706675577321897,-0.646758973275154,-0.274337887432427,-0.521503070844397,1.00062659491335,-0.485668986017393,-0.305545922133732,-0.267117428644173,-0.534244746161153,-7.11604589914917,8.38418905490395,"SP_5"
"N-38.tsv",-0.367171054146807,-0.34505432652016,-0.926085597406149,-0.421871933866291,-0.577338613342461,-0.500800864304576,-0.26092441298491,-0.22675253371779,-0.203522438469308,-0.404778720610238,-0.329256851943638,-0.454011653422792,-0.262546728768356,-0.100512523299958,-0.109708076555884,-0.2507519736679,-0.128705256587394,-0.29848773240115,-0.485657900209646,0.436102144206437,-0.427663977108966,-0.362827326308232,-0.555362497499928,-0.456853009159757,0.00836357948754682,-0.47715306121102,2.58513016179333,-0.655842269752125,-0.29394767517722,-0.521503070844397,-0.239271841783084,0.691553961061012,-0.308622948116175,-0.267117428644173,-0.534244746161153,-4.61851016462016,1.67516877518408,"SP_5"
"N-39.tsv",-0.282368854958157,-0.331983806248919,0.209297949792269,-0.229838657745971,-0.587640446485735,-0.50333487555413,-0.260117907034904,-0.22675253371779,-0.197923006768643,-0.401269524975866,-0.342571711499276,-0.449433908516683,0.778378770242196,-0.11442113222609,-0.109708076555884,1.44937818629379,-0.128063148819254,-0.29848773240115,-0.123278055431934,-0.185978529898748,-0.417794759997443,-0.294346341037442,-0.267368450314216,-0.413918655346096,0.858488674940115,-0.477855747025542,2.12673925783055,-0.407451900049727,-0.27364757987367,-0.516869717271846,-0.239271841783084,0.0767081380817315,-0.308622948116175,-0.267117428644173,-0.486600034302752,-1.45718643916807,3.68469000787606,"SP_5"
"N-4.tsv",-0.367171054146807,-0.347768593254613,-0.572677868082616,0.841593352290129,-0.566660146385065,-0.50333487555413,-0.231672529677808,-0.22675253371779,-0.0911434858166908,-0.404778720610238,-0.269950861844946,0.231594792651266,3.31313602797402,-0.11442113222609,-0.109708076555884,-0.515025300964413,-0.128705256587394,-0.29848773240115,-0.521140793659491,-0.0802539732355737,-0.427663977108966,-0.361930568590014,-0.551454977682785,-0.338249101606193,-0.66079682905916,-0.477855747025542,3.18716407702863,-0.575358128328403,-0.236140637063648,-0.521503070844397,-0.239271841783084,-0.485668986017393,-0.308622948116175,-0.267117428644173,-0.534244746161153,-4.81650242667295,4.92049578057811,"SP_5"
"N-40.tsv",-0.363475619483029,-0.324657073369305,0.691522229286679,0.419110754152672,-0.555183585461869,-0.250317876210033,-0.0642477936405533,-0.22675253371779,-0.0483746259107841,-0.36588591465294,-0.192081476300776,-0.142644235021037,2.02046349884269,0.0823969097789319,-0.109708076555884,0.32847510479131,-0.128705256587394,-0.0555457144895166,-0.521140793659491,-0.234451354206183,-0.421413598128191,-0.197522029347603,-0.174669922677382,-0.396213979366978,0.74126419496225,-0.477855747025542,1.96349855828362,-0.02386648132869,-0.0801694504466673,-0.520035871599861,-0.239271841783084,-0.451422347083877,-0.303871812975082,-0.267117428644173,-0.514984503729601,-3.12066865882436,4.67727822218123,"SP_5"
"N-41.tsv",-0.367171054146807,0.527814661845789,-0.688043848051433,0.216557063479575,-0.587640446485735,-0.50333487555413,-0.270471827779542,-0.22675253371779,-0.203522438469308,-0.404778720610238,1.5665523240265,2.15231278745768,0.365371023964849,-0.11442113222609,-0.109708076555884,-0.429133189188281,-0.128705256587394,-0.29848773240115,-0.521140793659491,-0.464226245554258,-0.427663977108966,-0.216249798371339,-0.55694793273316,3.74235995606395,-0.835481411818756,-0.477855747025542,-0.490880342039048,-0.664589189758251,-0.295033546424506,-0.521503070844397,-0.239271841783084,-0.348556425030836,-0.308622948116175,-0.267117428644173,-0.534244746161153,-17.0012724229711,2.32416836101822,"SP_3"
"N-42.tsv",-0.324236557089278,-0.329166036778293,-0.306241119894099,-0.453134981253178,-0.564913917157613,-0.50333487555413,-0.110529751508997,-0.22675253371779,-0.203522438469308,-0.404778720610238,-0.320039714920415,-0.384269215350119,-0.51425575736317,10.1468238020378,-0.109708076555884,-0.272224280734957,-0.0806147610664484,-0.29848773240115,0.123707371549855,-0.479058014130464,-0.427663977108966,-0.263259182632293,-0.519300417501591,-0.382304181427273,-0.590137255879679,-0.477855747025542,-0.472023539576425,-0.664589189758251,0.297624515391353,-0.521503070844397,-0.239271841783084,-0.169491610237159,-0.308622948116175,-0.267117428644173,-0.466314451984005,-5.25338568922125,-2.12245570325756,"SP_5"
"N-43.tsv",-0.367171054146807,-0.342794110101802,-0.634312518550331,-0.499871071697496,-0.587640446485735,-0.50333487555413,-0.257000122476706,-0.22675253371779,-0.203522438469308,-0.344120808867946,-0.323630408105131,-0.369325238639041,0.00107893702523557,-0.0449815345754909,-0.109708076555884,0.516309400662689,-0.128705256587394,-0.28006914325525,-0.0690087773483324,-0.312154872006184,-0.427663977108966,-0.328329040744024,-0.55694793273316,-0.457465684193048,3.84598613346976,-0.477855747025542,0.681102775897351,-0.632205033723938,-0.258016904500675,-0.521503070844397,-0.239271841783084,3.45912881134551,-0.308622948116175,-0.267117428644173,-0.534244746161153,1.43036090536004,4.57337353413044,"SP_5"
"N-44.tsv",-0.367171054146807,-0.348761317741857,-0.752431102518919,0.00778706695251587,-0.471567473176615,0.490570002817235,-0.0906749615061115,-0.22675253371779,-0.197373527063642,-0.346975355337448,-0.346798073835794,-0.539849711494303,0.372409846488742,-0.11442113222609,-0.109708076555884,1.47830614799306,-0.128705256587394,-0.29848773240115,-0.28954330128877,0.557565415390603,-0.427663977108966,-0.357896105603936,-0.55694793273316,-0.482128431329909,0.910189434409689,-0.477855747025542,0.472059474998867,-0.664589189758251,-0.294521559834102,-0.521503070844397,-0.239271841783084,0.308059028868294,0.286718395200905,-0.267117428644173,-0.49194334746979,0.0192798066509807,2.97452347484594,"SP_5"
"N-45.tsv",-0.365909329569469,-0.345738103106741,-0.704206490380501,-0.573158992498765,-0.587640446485735,-0.50333487555413,-0.206211513642745,-0.22675253371779,-0.191603784546838,-0.401933201343746,-0.348637712057437,-0.181379901865208,-0.588038198390025,0.882366631031905,0.116414707975273,-0.685774613381989,-0.128705256587394,-0.29848773240115,-0.517443177877965,-0.421487556718605,-0.427663977108966,-0.290912041210276,-0.55694793273316,-0.423787311268277,-0.599500801692131,-0.477855747025542,-0.462646758371284,-0.662880122392798,-0.255180030578458,-0.521503070844397,-0.239271841783084,1.36909487214649,-0.308622948116175,-0.23614836537531,-0.534244746161153,-4.10847114601442,-2.04661307199674,"SP_5"
"N-46.tsv",-0.367171054146807,0.403541792890222,-0.402598506400713,-0.337300786350933,-0.527644569024765,-0.50333487555413,-0.17328212093589,-0.22675253371779,-0.189865880404576,-0.404778720610238,1.15240841731853,3.19731455818647,-0.162031488163995,-0.108080141734162,-0.0957823335885726,0.480175719665772,-0.128705256587394,-0.293141618074333,-0.43216843118055,-0.479058014130464,-0.427663977108966,0.0183058061683074,-0.55694793273316,3.36591428334351,-0.835481411818756,-0.477855747025542,-0.489116066251736,-0.61112833791158,-0.232969690079307,-0.521503070844397,-0.239271841783084,-0.404780225733271,-0.308622948116175,-0.267117428644173,-0.472929873368735,-16.3177001614024,2.5974775341775,"SP_3"
"N-47.tsv",-0.366664805413125,-0.346133105279573,-0.677507115649765,4.76804225131453,-0.584722520618762,-0.50333487555413,-0.128506522722021,-0.22675253371779,-0.203522438469308,-0.404778720610238,-0.349238358486674,-0.551355888280644,0.174438058130049,-0.11442113222609,-0.109708076555884,-0.0758776902152271,-0.109067624703466,-0.29848773240115,-0.469214274256509,0.476699168116555,-0.427663977108966,-0.357713787716152,-0.554959220699282,-0.484751527083931,-0.664722177956704,-0.469922936302813,3.46879834049668,-0.602872719732231,-0.267569688919883,-0.521503070844397,-0.239271841783084,-0.485668986017393,-0.308622948116175,-0.267117428644173,-0.534244746161153,-7.31827813776302,6.77476354979087,"SP_5"
"N-48.tsv",-0.366268289085685,-0.345156129792657,-0.627131943266598,2.57489530816217,-0.587640446485735,0.98334466420742,-0.271236916015465,-0.22675253371779,-0.153167765503317,-0.404778720610238,-0.306262052869502,-0.361245151175888,2.29154339993677,-0.11442113222609,-0.109708076555884,0.0913435169772101,-0.128705256587394,-0.29848773240115,-0.521140793659491,0.167487123436752,-0.427663977108966,-0.361524656671042,-0.55694793273316,-0.431730617740039,-0.425570304290474,-0.477855747025542,0.0687886843533681,-0.659697832857235,-0.305017548646704,-0.521503070844397,-0.239271841783084,-0.48357744118553,0.913556479661778,-0.267117428644173,-0.533068465458211,-6.69149021903118,9.02575191041069,"SP_5"
"N-49.tsv",-0.197273137396546,-0.326904033970148,-0.0641180793786241,1.84178633895474,-0.587640446485735,-0.50333487555413,1.33171990835372,-0.22675253371779,-0.203522438469308,-0.399635575846123,-0.281928634884463,-0.499701530597525,-0.292267360417999,-0.11442113222609,-0.109708076555884,-0.530369081285486,-0.128705256587394,-0.29848773240115,-0.521140793659491,-0.479058014130464,-0.427663977108966,0.213049201762842,-0.232198991636719,-0.43130275727234,-0.771379529490897,-0.477855747025542,-0.49175090196672,-0.466889324414773,9.23500729759848,-0.521503070844397,0.142724078472832,-0.485668986017393,-0.308622948116175,-0.267117428644173,-0.534244746161153,-1.47484101073969,-8.35732913580215,"SP_1"
"N-5.tsv",-0.367171054146807,-0.250401896445954,-0.841869225906401,-0.413056062418948,-0.587640446485735,-0.50333487555413,-0.179634982152627,-0.22675253371779,-0.178484828274798,-0.404778720610238,-0.349238358486674,-0.454245018869707,-0.484048743213872,-0.11442113222609,-0.109708076555884,-0.693323572236629,-0.128705256587394,-0.29848773240115,-0.521140793659491,0.54393837517093,-0.427663977108966,-0.344755935086505,-0.55694793273316,-0.233000178613721,-0.510537102783035,-0.477855747025542,0.762834151283993,-0.662704307836632,-0.272638490441517,-0.521503070844397,-0.239271841783084,-0.485668986017393,-0.308622948116175,-0.267117428644173,-0.534244746161153,-2.90630111621327,-0.842492339694521,"SP_5"
"N-50.tsv",-0.152505348133,-0.348761317741857,0.530678016574365,1.24576002463552,-0.532930159220771,-0.50333487555413,0.0758441807290072,-0.22675253371779,0.371251064997244,-0.271067351528344,-0.237313759463069,-0.0582467483489069,0.532061672580129,-0.11442113222609,-0.109708076555884,2.41435104334808,-0.111831931379764,-0.29848773240115,-0.0882598772051132,0.267216266120281,-0.397839468537418,0.0251074119099444,-0.185504179535132,-0.453697142717828,0.29837063626902,-0.477855747025542,0.0351898431745219,-0.636896318375248,0.801765563718177,-0.50810997796159,0.465201828276913,-0.296205380910984,-0.308622948116175,-0.267117428644173,-0.385069203336492,1.09639297312632,2.40649889546269,"SP_5"
"N-51.tsv",-0.365862506463919,-0.348761317741857,-0.368733666246941,-0.23274441185347,-0.567707406165661,-0.50333487555413,-0.220232992450998,-0.22675253371779,-0.203522438469308,-0.404778720610238,-0.348615421827334,-0.476056600773153,0.159983788924242,-0.0925566731162739,-0.109708076555884,1.80851653722352,-0.0973857538895733,-0.29848773240115,0.0723000444540056,0.571783781328246,-0.427663977108966,-0.290131440926942,-0.555662830988343,-0.481324073067798,2.0914712403106,-0.477855747025542,0.497874431695576,-0.618504409680699,-0.271084189909468,-0.521503070844397,-0.239271841783084,-0.0945835002118992,-0.308622948116175,-0.267117428644173,-0.524014713202097,0.363539633036067,3.50403447255586,"SP_5"
"N-52.tsv",-0.325190291809556,-0.305425381223498,-0.236861349460826,-0.0721977848104772,-0.587640446485735,-0.50333487555413,-0.166952465101878,-0.22675253371779,-0.118010048461277,-0.404778720610238,-0.335663625723121,-0.336062406279708,-0.306379727609708,-0.104494889291875,-0.000191631553800128,4.13060551067814,-0.04371970247979,-0.29848773240115,1.00395470624033,2.03930139261156,-0.427663977108966,-0.0805142773129957,-0.539056288754905,-0.306941884605681,-0.431294632905788,-0.477855747025542,-0.388748717857427,-0.662443341216152,-0.0851265614706843,-0.521503070844397,-0.235481020148534,-0.421439428385289,-0.308622948116175,-0.267117428644173,-0.519795715368178,2.20702430819348,1.30229489850628,"SP_4"
"N-53.tsv",-0.367171054146807,-0.285055788753854,-0.67106038405267,-0.449988915159259,-0.586702218924413,-0.50333487555413,-0.271236916015465,-0.22675253371779,-0.203522438469308,-0.404778720610238,0.315790864204348,0.232679551984096,0.319435308083064,-0.11442113222609,-0.109708076555884,-0.578345294906307,-0.128705256587394,-0.29848773240115,-0.516131870141026,-0.198720690215103,-0.427663977108966,-0.214849044627081,-0.55694793273316,-0.0632155457002049,-0.478241828506805,-0.477855747025542,1.37227445110401,-0.66150230414429,-0.298740417983445,-0.521503070844397,-0.239271841783084,-0.483029080656535,-0.308622948116175,-0.267117428644173,-0.534244746161153,-3.78118183071565,0.727360242029715,"SP_5"
"N-54.tsv",-0.366380241481127,-0.233174616400647,-0.792436368493394,-0.581138266903539,-0.587640446485735,-0.50333487555413,-0.238358084595179,-0.22675253371779,-0.189293353930446,-0.394077782940662,-0.345473679472188,-0.281220627856343,-0.658509506464186,-0.11442113222609,-0.109708076555884,-0.71888555537815,-0.128705256587394,-0.29848773240115,-0.370499446134863,0.404266223101598,-0.427663977108966,-0.362827326308232,-0.55694793273316,-0.275348993071614,-0.173752315956666,-0.477855747025542,-0.30758094226914,-0.664589189758251,-0.306430014496814,-0.521503070844397,-0.239271841783084,-0.485668986017393,-0.308622948116175,-0.267117428644173,-0.533214336679947,-2.45886629701827,-1.78967730249925,"SP_5"
"N-55.tsv",-0.367171054146807,-0.336642739626874,-0.620191151495289,0.403557950409013,-0.57557784999422,-0.493010515761156,-0.227278325485886,-0.22675253371779,8.99394823963198,-0.404778720610238,-0.280494496987712,-0.20544222152434,0.809409915190489,-0.108957270405364,-0.109708076555884,-0.0872954606938276,-0.128705256587394,-0.29848773240115,-0.237479909488615,-0.469126877592691,-0.427663977108966,-0.174084670528627,-0.55694793273316,-0.403641999020963,-0.464424950884788,-0.477855747025542,0.123324653307497,-0.639075831683229,-0.270950714361994,-0.521503070844397,-0.239271841783084,0.202842636906035,-0.308622948116175,-0.267117428644173,-0.519246882007418,-7.1512892064031,2.7842566411645,"SP_5"
"N-56.tsv",-0.361220284143451,-0.348761317741857,-0.926085597406149,-0.554376827589284,-0.587640446485735,-0.50333487555413,-0.265509850182135,-0.22675253371779,-0.203522438469308,-0.401796377413006,-0.349238358486674,-0.551355888280644,-0.707784517402909,-0.11442113222609,10.1725245861633,-0.711944945713051,-0.128705256587394,-0.29848773240115,-0.506607998975227,-0.479058014130464,-0.427663977108966,-0.358056866863926,-0.554350534100793,-0.485038969678416,-0.661065486738591,-0.477855747025542,-0.493335727555863,-0.626973020607386,-0.304611446626974,-0.521503070844397,-0.239271841783084,-0.379969668816317,-0.308622948116175,-0.267117428644173,-0.530798654087887,-3.56133937215308,-3.26851994326265,"SP_5"
"N-6.tsv",-0.366307175202809,0.442299932888615,-0.685386844162638,1.01522577992002,-0.587640446485735,-0.50333487555413,-0.159371562070962,-0.22675253371779,-0.19963649712727,-0.404778720610238,1.93567355753871,2.72535223894485,0.51204764443879,-0.108106033688933,-0.109708076555884,0.820437012764146,-0.08378722201365,-0.295445283991621,0.0193745004110346,-0.479058014130464,-0.427663977108966,-0.305485665365874,-0.551009130143601,2.57568843961293,-0.835481411818756,-0.477855747025542,-0.493335727555863,-0.577996899358133,-0.245102212206173,-0.521503070844397,-0.239271841783084,-0.485668986017393,-0.308622948116175,-0.267117428644173,-0.534244746161153,-16.3376070953811,1.76732539695857,"SP_3"
"N-7.tsv",-0.367171054146807,1.05803484438936,-0.801495190642872,1.94549814277056,-0.584337535738977,-0.475270904629362,-0.243441314257114,-0.22675253371779,-0.200635430992632,-0.404778720610238,3.71588540498221,0.281584417686029,0.00588546057500244,-0.11442113222609,-0.109708076555884,-0.144128659827334,-0.126056745057579,-0.29848773240115,-0.341281359116487,-0.470272626493498,-0.427663977108966,-0.347777985754942,-0.539614474793391,2.02575428293459,-0.835481411818756,-0.477855747025542,-0.493335727555863,-0.664589189758251,-0.285349124062929,-0.521503070844397,-0.239271841783084,-0.485668986017393,-0.308622948116175,-0.267117428644173,-0.512292948337752,-18.0968088049141,0.619512297578209,"SP_3"
"N-8.tsv",-0.367171054146807,-0.011937239788263,-0.526954156374843,1.5895109507687,-0.587640446485735,-0.50333487555413,-0.181445703954986,-0.22675253371779,-0.177155114550282,5.27477086134448,1.79115391235675,0.576984384088899,0.614964031534131,-0.11442113222609,-0.109708076555884,4.81884954078545,-0.0830147024001607,2.99690016572558,1.18237293050509,-0.479058014130464,-0.427663977108966,-0.34873018671736,-0.555881884380996,0.425286329072522,-0.835481411818756,-0.477855747025542,-0.493335727555863,1.36744777691844,-0.226199479498655,-0.521503070844397,-0.239271841783084,1.58158194241328,-0.308622948116175,-0.267117428644173,-0.511614714834691,-14.0426475662594,-0.549195999360162,"SP_2"
"N-9.tsv",-0.364437447793503,2.13695849454449,-0.60352780363908,-0.456667516063072,-0.520864970694124,-0.50333487555413,-0.159952243326451,-0.22675253371779,-0.203522438469308,0.158291100305949,1.92723663244077,0.325525238178198,-0.465120937269657,-0.11442113222609,-0.109708076555884,-0.568237946253543,-0.128705256587394,-0.256769259122087,-0.30083501553227,-0.479058014130464,-0.427663977108966,-0.224768693731256,-0.55694793273316,2.67557910860042,-0.835481411818756,-0.477855747025542,-0.493335727555863,-0.637435301915227,-0.204187186328741,-0.521503070844397,-0.239271841783084,-0.485668986017393,-0.308622948116175,-0.267117428644173,-0.534244746161153,-19.205060170009,2.04231419277395,"SP_3"
